mean_fit_time,std_fit_time,mean_score_time,std_score_time,param_colsample_bytree,param_learning_rate,param_max_depth,param_n_estimators,param_subsample,params,split0_test_score,split1_test_score,split2_test_score,mean_test_score,std_test_score,rank_test_score
4.571385542551677,0.02927622538745485,0.05943902333577474,0.000770549626721809,0.5,0.01,3,50,0.5,"{'colsample_bytree': 0.5, 'learning_rate': 0.01, 'max_depth': 3, 'n_estimators': 50, 'subsample': 0.5}",0.4812410749058808,0.4693586081537263,0.485068813295248,0.4785561654516184,0.00668875626108792,237
4.581729173660278,0.06024777316287422,0.05642962455749512,0.003966874297543643,0.5,0.01,3,50,0.7,"{'colsample_bytree': 0.5, 'learning_rate': 0.01, 'max_depth': 3, 'n_estimators': 50, 'subsample': 0.7}",0.45787355575749705,0.45183069332640874,0.4729940275253181,0.460899425536408,0.008900883646877482,240
3.7456648349761963,0.7063335904027482,0.061621904373168945,0.004545297246190505,0.5,0.01,3,50,1.0,"{'colsample_bytree': 0.5, 'learning_rate': 0.01, 'max_depth': 3, 'n_estimators': 50, 'subsample': 1.0}",0.43891990133714137,0.41638535445338876,0.4363801609971436,0.43056180559589124,0.010077744307647192,241
6.439517895380656,0.06902786710264998,0.10547240575154622,0.005137040487494689,0.5,0.01,3,100,0.5,"{'colsample_bytree': 0.5, 'learning_rate': 0.01, 'max_depth': 3, 'n_estimators': 100, 'subsample': 0.5}",0.5270673763468778,0.5264866268501688,0.538691249026227,0.5307484174077579,0.005621432088237342,228
6.523289124170939,0.05927414715944861,0.09872714678446452,0.0057477718226072345,0.5,0.01,3,100,0.7,"{'colsample_bytree': 0.5, 'learning_rate': 0.01, 'max_depth': 3, 'n_estimators': 100, 'subsample': 0.7}",0.5056471504608594,0.5020773824980524,0.5209036613866528,0.5095427314485215,0.00816451091090441,231
5.598970810572307,0.0664311943164425,0.10515642166137695,0.003095148432843924,0.5,0.01,3,100,1.0,"{'colsample_bytree': 0.5, 'learning_rate': 0.01, 'max_depth': 3, 'n_estimators': 100, 'subsample': 1.0}",0.48292872906659745,0.47104648143339395,0.4861075045442742,0.4800275716814219,0.006481827927202141,236
12.651264905929565,0.14436788007582657,0.2046358585357666,0.012952398325596597,0.5,0.01,3,200,0.5,"{'colsample_bytree': 0.5, 'learning_rate': 0.01, 'max_depth': 3, 'n_estimators': 200, 'subsample': 0.5}",0.5958717382837856,0.6084133991171125,0.6184108023889898,0.607565313263296,0.009221055250393316,219
12.601058959960938,0.007979615102660053,0.20318063100179037,0.007269872972100898,0.5,0.01,3,200,0.7,"{'colsample_bytree': 0.5, 'learning_rate': 0.01, 'max_depth': 3, 'n_estimators': 200, 'subsample': 0.7}",0.5853563546670129,0.5928330303817191,0.5962087769410542,0.5914660539965954,0.004534698492854236,222
11.53706431388855,0.3956869221113422,0.20871337254842123,0.019867698018979325,0.5,0.01,3,200,1.0,"{'colsample_bytree': 0.5, 'learning_rate': 0.01, 'max_depth': 3, 'n_estimators': 200, 'subsample': 1.0}",0.5667921588991303,0.5608932744741626,0.5753051155544014,0.5676635163092314,0.005915783331203552,225
5.733029206593831,0.04144082107831056,0.10449020067850749,0.0039028185400992333,0.5,0.01,5,50,0.5,"{'colsample_bytree': 0.5, 'learning_rate': 0.01, 'max_depth': 5, 'n_estimators': 50, 'subsample': 0.5}",0.6720758146176814,0.6680083095299922,0.6831991690470007,0.6744277643982247,0.006420763404456952,207
5.8093345165252686,0.0038876330024885113,0.11669254302978516,0.0005996557628563244,0.5,0.01,5,50,0.7,"{'colsample_bytree': 0.5, 'learning_rate': 0.01, 'max_depth': 5, 'n_estimators': 50, 'subsample': 0.7}",0.6581851226794755,0.6574915606336017,0.67346143858738,0.6630460406334856,0.007370239389208346,212
5.741339604059855,0.05602559119662253,0.11578106880187988,0.007107336960861588,0.5,0.01,5,50,1.0,"{'colsample_bytree': 0.5, 'learning_rate': 0.01, 'max_depth': 5, 'n_estimators': 50, 'subsample': 1.0}",0.6336492275736726,0.6247727862892755,0.62217605816671,0.626866024009886,0.0049122050158393535,215
11.730240980784098,0.060973548592853644,0.2287747065226237,0.018233372649185932,0.5,0.01,5,100,0.5,"{'colsample_bytree': 0.5, 'learning_rate': 0.01, 'max_depth': 5, 'n_estimators': 100, 'subsample': 0.5}",0.7047903414254186,0.7043625032459101,0.7216307452609712,0.7102611966440998,0.008041382061582428,195
11.798845052719116,0.047466344808609603,0.21897101402282715,0.009098587482357545,0.5,0.01,5,100,0.7,"{'colsample_bytree': 0.5, 'learning_rate': 0.01, 'max_depth': 5, 'n_estimators': 100, 'subsample': 0.7}",0.699078281189147,0.700077901843677,0.7125421968319917,0.7038994599549385,0.006124948212446161,200
11.147314866383871,0.09671066059877356,0.24528352419535318,0.0045504214836179,0.5,0.01,5,100,1.0,"{'colsample_bytree': 0.5, 'learning_rate': 0.01, 'max_depth': 5, 'n_estimators': 100, 'subsample': 1.0}",0.6724652732701545,0.6708647104648143,0.6783952220202545,0.6739084019184078,0.0032392505607739407,208
23.327480634053547,0.022127663453660427,0.4762893517812093,0.02968521461320405,0.5,0.01,5,200,0.5,"{'colsample_bytree': 0.5, 'learning_rate': 0.01, 'max_depth': 5, 'n_estimators': 200, 'subsample': 0.5}",0.7571076204076334,0.7569462477278629,0.7614905219423527,0.7585147966926163,0.002105186588228066,180
24.00133204460144,0.2607459790475954,0.5576894283294678,0.04502746229047714,0.5,0.01,5,200,0.7,"{'colsample_bytree': 0.5, 'learning_rate': 0.01, 'max_depth': 5, 'n_estimators': 200, 'subsample': 0.7}",0.7480202518499286,0.7485068813295248,0.7521423007011165,0.7495564779601901,0.0018392138715989,185
24.424947102864582,1.6200267852434502,0.5701927344004313,0.03938454670917461,0.5,0.01,5,200,1.0,"{'colsample_bytree': 0.5, 'learning_rate': 0.01, 'max_depth': 5, 'n_estimators': 200, 'subsample': 1.0}",0.7303647929378164,0.7300701116593092,0.7331861854063879,0.7312070300011712,0.0014046355049085585,190
22.303096771240234,0.07604294478247796,0.4474240144093831,0.01678871591427404,0.5,0.01,10,50,0.5,"{'colsample_bytree': 0.5, 'learning_rate': 0.01, 'max_depth': 10, 'n_estimators': 50, 'subsample': 0.5}",0.8100739971439699,0.804076863152428,0.8151129576733316,0.8097546059899098,0.004511123555578917,154
27.611649831136067,0.6549907331682294,0.543597141901652,0.019567254574147163,0.5,0.01,10,50,0.7,"{'colsample_bytree': 0.5, 'learning_rate': 0.01, 'max_depth': 10, 'n_estimators': 50, 'subsample': 0.7}",0.8151369596261197,0.8122565567385095,0.8193975590755648,0.8155970251467313,0.0029333966440401476,150
30.41730833053589,0.34178265039219263,0.6086719830830892,0.00700471848708862,0.5,0.01,10,50,1.0,"{'colsample_bytree': 0.5, 'learning_rate': 0.01, 'max_depth': 10, 'n_estimators': 50, 'subsample': 1.0}",0.8076074256783071,0.8049857179953259,0.807842118930148,0.8068117542012603,0.0012947525888890815,156
48.36923170089722,0.7001897110687378,0.9817366600036621,0.004884035642883829,0.5,0.01,10,100,0.5,"{'colsample_bytree': 0.5, 'learning_rate': 0.01, 'max_depth': 10, 'n_estimators': 100, 'subsample': 0.5}",0.8278592756069064,0.829265125941314,0.8326408725006492,0.8299217580162899,0.002006537893151298,136
54.66001693407694,1.2079768910334485,1.05666979153951,0.05507979391711677,0.5,0.01,10,100,0.7,"{'colsample_bytree': 0.5, 'learning_rate': 0.01, 'max_depth': 10, 'n_estimators': 100, 'subsample': 0.7}",0.8305854861742178,0.8295247987535705,0.8349779278109581,0.8316960709129155,0.0023606782888967053,134
59.9685750802358,0.47209858828044005,1.1139582792917888,0.025189483861949535,0.5,0.01,10,100,1.0,"{'colsample_bytree': 0.5, 'learning_rate': 0.01, 'max_depth': 10, 'n_estimators': 100, 'subsample': 1.0}",0.8227963131247565,0.8238119968839263,0.8262788886003636,0.8242957328696822,0.001462323120645435,141
93.39389069875081,0.24966408187309544,1.8911774158477783,0.06798977808474578,0.5,0.01,10,200,0.5,"{'colsample_bytree': 0.5, 'learning_rate': 0.01, 'max_depth': 10, 'n_estimators': 200, 'subsample': 0.5}",0.8497987796962223,0.8525058426382758,0.8501687873279667,0.8508244698874883,0.0011984676764394695,110
99.80748844146729,3.4588446092867295,1.8089100519816081,0.10903767824553884,0.5,0.01,10,200,0.7,"{'colsample_bytree': 0.5, 'learning_rate': 0.01, 'max_depth': 10, 'n_estimators': 200, 'subsample': 0.7}",0.8500584187978709,0.8514671513892496,0.8519864970137626,0.851170689066961,0.0008145709844458219,109
93.54462345441182,8.020826291758546,1.7848575115203857,0.16100781759987812,0.5,0.01,10,200,1.0,"{'colsample_bytree': 0.5, 'learning_rate': 0.01, 'max_depth': 10, 'n_estimators': 200, 'subsample': 1.0}",0.8390237569778008,0.8477018956115294,0.8451051674889639,0.8439436066927647,0.0036367971393341204,116
4.073862075805664,0.08868094855059762,0.07470210393269856,0.004195431877597172,0.5,0.1,3,50,0.5,"{'colsample_bytree': 0.5, 'learning_rate': 0.1, 'max_depth': 3, 'n_estimators': 50, 'subsample': 0.5}",0.6941451382578216,0.6917683718514671,0.7030641391846274,0.696325883097972,0.004862463432911672,201
4.059186855951945,0.1357006914232069,0.06876722971598308,0.0019942859905108835,0.5,0.1,3,50,0.7,"{'colsample_bytree': 0.5, 'learning_rate': 0.1, 'max_depth': 3, 'n_estimators': 50, 'subsample': 0.7}",0.6859665065558873,0.6855362243573098,0.6964424824720852,0.6893150711284274,0.005042901283909172,203
3.3834131558736167,0.03850541184436354,0.06704878807067871,0.0003836385841683104,0.5,0.1,3,50,1.0,"{'colsample_bytree': 0.5, 'learning_rate': 0.1, 'max_depth': 3, 'n_estimators': 50, 'subsample': 1.0}",0.6710372582110866,0.6752791482731758,0.6838483510776422,0.6767215858539682,0.005328633016683825,206
7.269649187723796,0.019766790333893922,0.11509950955708821,0.0035624289015922365,0.5,0.1,3,100,0.5,"{'colsample_bytree': 0.5, 'learning_rate': 0.1, 'max_depth': 3, 'n_estimators': 100, 'subsample': 0.5}",0.7702193950408932,0.7625292131913789,0.7774603998961309,0.7700696693761344,0.006096550797188877,173
7.17076841990153,0.037968730481219515,0.1181024710337321,0.006583290922273935,0.5,0.1,3,100,0.7,"{'colsample_bytree': 0.5, 'learning_rate': 0.1, 'max_depth': 3, 'n_estimators': 100, 'subsample': 0.7}",0.7576268986109308,0.7659049597507142,0.7739548169306674,0.7658288917641042,0.0066660617517860545,176
6.155322949091594,0.03629030725641375,0.11586594581604004,0.010584880284370095,0.5,0.1,3,100,1.0,"{'colsample_bytree': 0.5, 'learning_rate': 0.1, 'max_depth': 3, 'n_estimators': 100, 'subsample': 1.0}",0.746332597689212,0.7557777200727084,0.7617501947546091,0.7546201708388431,0.006347204896086258,183
13.467095375061035,0.11887211355360099,0.2217280069986979,0.01802856328068022,0.5,0.1,3,200,0.5,"{'colsample_bytree': 0.5, 'learning_rate': 0.1, 'max_depth': 3, 'n_estimators': 200, 'subsample': 0.5}",0.8309749448266909,0.8371851467151389,0.8431576213970398,0.8371059043129566,0.004973872510305535,128
13.336218198140463,0.04954228913393513,0.2271141211191813,0.006639713258703622,0.5,0.1,3,200,0.7,"{'colsample_bytree': 0.5, 'learning_rate': 0.1, 'max_depth': 3, 'n_estimators': 200, 'subsample': 0.7}",0.8237050499805271,0.8360166190599844,0.8378343287457803,0.832518665928764,0.006276192406638514,132
11.834803581237793,0.1781819362628321,0.22223941485087076,0.0064678409344983935,0.5,0.1,3,200,1.0,"{'colsample_bytree': 0.5, 'learning_rate': 0.1, 'max_depth': 3, 'n_estimators': 200, 'subsample': 1.0}",0.81305984681293,0.8269280706310049,0.82653856141262,0.822175492952185,0.006447696372084519,143
5.689485311508179,0.02432046189465894,0.1204828421274821,0.011157237477128781,0.5,0.1,5,50,0.5,"{'colsample_bytree': 0.5, 'learning_rate': 0.1, 'max_depth': 5, 'n_estimators': 50, 'subsample': 0.5}",0.8061794106192393,0.8062840820566086,0.8058945728382239,0.8061193551713574,0.00016458908513205332,157
5.803761800130208,0.056550548542020504,0.1192466417948405,0.003615332145959333,0.5,0.1,5,50,0.7,"{'colsample_bytree': 0.5, 'learning_rate': 0.1, 'max_depth': 5, 'n_estimators': 50, 'subsample': 0.7}",0.8051408542126445,0.8069332640872501,0.8135549207997923,0.808543013033229,0.0036187104411239688,155
5.571800231933594,0.039854463593054355,0.10946917533874512,0.007614987900072619,0.5,0.1,5,50,1.0,"{'colsample_bytree': 0.5, 'learning_rate': 0.1, 'max_depth': 5, 'n_estimators': 50, 'subsample': 1.0}",0.7906010645203168,0.7936899506621656,0.8026486626850169,0.7956465592891663,0.005109298280192167,161
11.294993877410889,0.03267810438720712,0.24738224347432455,0.004681938278661197,0.5,0.1,5,100,0.5,"{'colsample_bytree': 0.5, 'learning_rate': 0.1, 'max_depth': 5, 'n_estimators': 100, 'subsample': 0.5}",0.8495391405945736,0.8513373149831213,0.8534146974811737,0.8514303843529561,0.0015835575404806153,106
11.373234113057455,0.07858677141934628,0.23383800188700357,0.009792685680852951,0.5,0.1,5,100,0.7,"{'colsample_bytree': 0.5, 'learning_rate': 0.1, 'max_depth': 5, 'n_estimators': 100, 'subsample': 0.7}",0.8494093210437492,0.8490002596728122,0.8553622435730979,0.8512572747632197,0.002907451289228214,107
10.382083177566528,0.20625795902606256,0.23125203450520834,0.015550900794446366,0.5,0.1,5,100,1.0,"{'colsample_bytree': 0.5, 'learning_rate': 0.1, 'max_depth': 5, 'n_estimators': 100, 'subsample': 1.0}",0.837595741918733,0.83861334718255,0.8484809140482992,0.841563334383194,0.004909077403853938,120
20.734618425369263,0.12557493196447964,0.4695890744527181,0.01962516563155149,0.5,0.1,5,200,0.5,"{'colsample_bytree': 0.5, 'learning_rate': 0.1, 'max_depth': 5, 'n_estimators': 200, 'subsample': 0.5}",0.885628975723744,0.8909374188522462,0.8862633082316281,0.8876099009358728,0.0023671186486921526,54
20.67328651746114,0.23751936846843616,0.5108982721964518,0.02852653520070612,0.5,0.1,5,200,0.7,"{'colsample_bytree': 0.5, 'learning_rate': 0.1, 'max_depth': 5, 'n_estimators': 200, 'subsample': 0.7}",0.8814747500973646,0.888081017917424,0.8900285640093483,0.8865281106747123,0.0036606532922017223,56
20.874029636383057,1.4058101700847256,0.5538044770558676,0.020901129501013083,0.5,0.1,5,200,1.0,"{'colsample_bytree': 0.5, 'learning_rate': 0.1, 'max_depth': 5, 'n_estimators': 200, 'subsample': 1.0}",0.8742048552512008,0.881069851986497,0.8862633082316281,0.8805126718231087,0.004938583425176972,71
19.15161434809367,0.17822410786345044,0.3869624137878418,0.013519232845885932,0.5,0.1,10,50,0.5,"{'colsample_bytree': 0.5, 'learning_rate': 0.1, 'max_depth': 10, 'n_estimators': 50, 'subsample': 0.5}",0.8638192911852525,0.8660088288756167,0.8606855362243573,0.8635045520950756,0.002184590989011017,91
21.308034896850586,0.01864900565291553,0.45549917221069336,0.022693406782468842,0.5,0.1,10,50,0.7,"{'colsample_bytree': 0.5, 'learning_rate': 0.1, 'max_depth': 10, 'n_estimators': 50, 'subsample': 0.7}",0.8616123588212384,0.8662685016878733,0.8626330823162814,0.8635046476084645,0.0019982719438775267,90
23.368759791056316,0.13841764135305146,0.46451346079508465,0.04757347292522248,0.5,0.1,10,50,1.0,"{'colsample_bytree': 0.5, 'learning_rate': 0.1, 'max_depth': 10, 'n_estimators': 50, 'subsample': 1.0}",0.8586265091522783,0.8639314463775642,0.8675668657491561,0.8633749404263328,0.0036710369266417377,92
34.56352400779724,0.39314569575703806,0.725787878036499,0.017619541142622562,0.5,0.1,10,100,0.5,"{'colsample_bytree': 0.5, 'learning_rate': 0.1, 'max_depth': 10, 'n_estimators': 100, 'subsample': 0.5}",0.8823834869531352,0.8878213451051675,0.8839262529213191,0.884710361659874,0.002288186356894139,62
35.41590897242228,0.21552254023682377,0.8141109148661295,0.031009240887854513,0.5,0.1,10,100,0.7,"{'colsample_bytree': 0.5, 'learning_rate': 0.1, 'max_depth': 10, 'n_estimators': 100, 'subsample': 0.7}",0.8827729456056082,0.8867826538561413,0.8837964165151908,0.8844506719923135,0.0017010737267202946,63
53.59014582633972,0.3934628667244004,0.8418088754018148,0.06344092397200059,0.5,0.1,10,100,1.0,"{'colsample_bytree': 0.5, 'learning_rate': 0.1, 'max_depth': 10, 'n_estimators': 100, 'subsample': 1.0}",0.8757626898610931,0.8837964165151908,0.8860036354193715,0.8818542472652185,0.004400625525881482,69
72.15289545059204,1.2891173969955012,1.2245182991027832,0.02925538082590633,0.5,0.1,10,200,0.5,"{'colsample_bytree': 0.5, 'learning_rate': 0.1, 'max_depth': 10, 'n_estimators': 200, 'subsample': 0.5}",0.897702193950409,0.9035315502466892,0.8984679304076864,0.8999005582015949,0.002586460323061203,32
63.91332189242045,9.062670366542813,1.2281520366668701,0.0470044321678243,0.5,0.1,10,200,0.7,"{'colsample_bytree': 0.5, 'learning_rate': 0.1, 'max_depth': 10, 'n_estimators': 200, 'subsample': 0.7}",0.8996494872127743,0.9035315502466892,0.9004154764996105,0.901198837986358,0.0016788576997493637,26
45.95621633529663,3.903110284927244,1.0777594248453777,0.02960149259073587,0.5,0.1,10,200,1.0,"{'colsample_bytree': 0.5, 'learning_rate': 0.1, 'max_depth': 10, 'n_estimators': 200, 'subsample': 1.0}",0.8952356224847462,0.9019735133731498,0.8975590755647883,0.8982560704742282,0.0027945357197987635,34
3.650296211242676,0.08929542331255268,0.06508771578470866,0.002651151108705738,0.5,0.2,3,50,0.5,"{'colsample_bytree': 0.5, 'learning_rate': 0.2, 'max_depth': 3, 'n_estimators': 50, 'subsample': 0.5}",0.7593145527716474,0.7534406647623993,0.761620358348481,0.7581251919608425,0.0034436202988768383,181
3.593250274658203,0.07196692151793922,0.06310566266377766,0.0021180481110439934,0.5,0.2,3,50,0.7,"{'colsample_bytree': 0.5, 'learning_rate': 0.2, 'max_depth': 3, 'n_estimators': 50, 'subsample': 0.7}",0.7502271842139426,0.7514931186704752,0.7585042846014022,0.7534081958286066,0.003640351457136929,184
3.3852075735727944,0.05902174382653844,0.06372372309366862,0.0035359086476344772,0.5,0.2,3,50,1.0,"{'colsample_bytree': 0.5, 'learning_rate': 0.2, 'max_depth': 3, 'n_estimators': 50, 'subsample': 1.0}",0.7417889134103596,0.7477278628927552,0.7555180472604518,0.7483449411878556,0.00562185427803259,186
7.358807802200317,0.2997724126131999,0.11299562454223633,0.00664283887675048,0.5,0.2,3,100,0.5,"{'colsample_bytree': 0.5, 'learning_rate': 0.2, 'max_depth': 3, 'n_estimators': 100, 'subsample': 0.5}",0.8222770349214592,0.8206959231368476,0.8305634900025968,0.8245121493536346,0.004327356495305697,140
6.657808939615886,0.032084583882966755,0.11749958992004395,0.0012625528436724142,0.5,0.2,3,100,0.7,"{'colsample_bytree': 0.5, 'learning_rate': 0.2, 'max_depth': 3, 'n_estimators': 100, 'subsample': 0.7}",0.8143580423211736,0.8216047779797455,0.8331602181251623,0.8230410128086939,0.007742847521161599,142
5.748236338297526,0.034882444858547884,0.10521459579467773,0.005579271567777796,0.5,0.2,3,100,1.0,"{'colsample_bytree': 0.5, 'learning_rate': 0.2, 'max_depth': 3, 'n_estimators': 100, 'subsample': 1.0}",0.8081267038816046,0.8214749415736172,0.8230329784471566,0.8175448746341262,0.006689958892129139,149
12.783800601959229,0.12433310607040525,0.22727592786153158,0.0023798310750154316,0.5,0.2,3,200,0.5,"{'colsample_bytree': 0.5, 'learning_rate': 0.2, 'max_depth': 3, 'n_estimators': 200, 'subsample': 0.5}",0.8719979228871868,0.8753570501168527,0.8797714879252142,0.8757088203097513,0.003183277666344274,81
12.539483547210693,0.13649597666442073,0.21152861913045248,0.01696313238234353,0.5,0.2,3,200,0.7,"{'colsample_bytree': 0.5, 'learning_rate': 0.2, 'max_depth': 3, 'n_estimators': 200, 'subsample': 0.7}",0.8679735168116318,0.8767852505842638,0.8804206699558557,0.8750598124505838,0.005225945395416244,82
11.318368434906006,0.19844194636954593,0.20760385195414224,0.00777039074191244,0.5,0.2,3,200,1.0,"{'colsample_bytree': 0.5, 'learning_rate': 0.2, 'max_depth': 3, 'n_estimators': 200, 'subsample': 1.0}",0.8601843437621706,0.8762659049597508,0.8745780316800831,0.8703427601340015,0.007216060626115684,86
5.397023995717366,0.046000608620666024,0.11409258842468262,0.00711407531478839,0.5,0.2,5,50,0.5,"{'colsample_bytree': 0.5, 'learning_rate': 0.2, 'max_depth': 5, 'n_estimators': 50, 'subsample': 0.5}",0.8362975464104894,0.8410802388989873,0.8390028564009349,0.8387935472368039,0.0019581274395921522,124
5.394244194030762,0.037409448536367386,0.11078985532124837,0.003144428190452822,0.5,0.2,5,50,0.7,"{'colsample_bytree': 0.5, 'learning_rate': 0.2, 'max_depth': 5, 'n_estimators': 50, 'subsample': 0.7}",0.8390237569778008,0.844196312646066,0.8470527135808881,0.8434242610682516,0.0033229588985991283,117
5.146175940831502,0.07773405670983871,0.11887129147847493,0.012612424356737541,0.5,0.2,5,50,1.0,"{'colsample_bytree': 0.5, 'learning_rate': 0.2, 'max_depth': 5, 'n_estimators': 50, 'subsample': 1.0}",0.8325327794365831,0.832121526876136,0.8452350038950922,0.8366297700692705,0.006087135016569438,129
10.556503454844156,0.06403159176591201,0.23484428723653158,0.00626436212843347,0.5,0.2,5,100,0.5,"{'colsample_bytree': 0.5, 'learning_rate': 0.2, 'max_depth': 5, 'n_estimators': 100, 'subsample': 0.5}",0.8747241334544983,0.87782394183329,0.8769150869903921,0.8764877207593935,0.0013010724852611343,77
10.436581134796143,0.06038494086800828,0.22823103268941244,0.014444349257915837,0.5,0.2,5,100,0.7,"{'colsample_bytree': 0.5, 'learning_rate': 0.2, 'max_depth': 5, 'n_estimators': 100, 'subsample': 0.7}",0.8705699078281189,0.8817190340171384,0.8809400155803687,0.877742985808542,0.005082092955737131,73
9.750176509221395,0.05411772146297181,0.2383406162261963,0.0184189051849206,0.5,0.2,5,100,1.0,"{'colsample_bytree': 0.5, 'learning_rate': 0.2, 'max_depth': 5, 'n_estimators': 100, 'subsample': 1.0}",0.8714786446838894,0.8766554141781355,0.8808101791742404,0.8763147460120884,0.0038171913833490462,79
20.296331882476807,0.06058655166734698,0.4600949287414551,0.0280295772075645,0.5,0.2,5,200,0.5,"{'colsample_bytree': 0.5, 'learning_rate': 0.2, 'max_depth': 5, 'n_estimators': 200, 'subsample': 0.5}",0.898481111255355,0.9037912230589458,0.9014541677486367,0.9012421673543125,0.002173020933639571,25
20.09576376279195,0.0888387745934663,0.48471840222676593,0.007985766213195232,0.5,0.2,5,200,0.7,"{'colsample_bytree': 0.5, 'learning_rate': 0.2, 'max_depth': 5, 'n_estimators': 200, 'subsample': 0.7}",0.8995196676619499,0.9079459880550507,0.904829914307972,0.9040985233416575,0.0034786892551650593,20
19.674115896224976,1.5008617524136663,0.5142671267191569,0.04043127347266346,0.5,0.2,5,200,1.0,"{'colsample_bytree': 0.5, 'learning_rate': 0.2, 'max_depth': 5, 'n_estimators': 200, 'subsample': 1.0}",0.8975723743995846,0.9036613866528175,0.9010646585302519,0.9007661398608846,0.0024947748865680086,28
15.982889970143637,0.16698756676085,0.37625741958618164,0.0014144559520426164,0.5,0.2,10,50,0.5,"{'colsample_bytree': 0.5, 'learning_rate': 0.2, 'max_depth': 10, 'n_estimators': 50, 'subsample': 0.5}",0.8765416071660392,0.878732796676188,0.8760062321474942,0.8770935453299072,0.0011795522695308882,75
17.461288531621296,0.14825834464521898,0.36504483222961426,0.01695412915462153,0.5,0.2,10,50,0.7,"{'colsample_bytree': 0.5, 'learning_rate': 0.2, 'max_depth': 10, 'n_estimators': 50, 'subsample': 0.7}",0.873555757497079,0.8776941054271618,0.8782134510516749,0.8764877713253053,0.0020840599457321272,76
18.365250825881958,0.21947438057264337,0.42418408393859863,0.023195221779533808,0.5,0.2,10,50,1.0,"{'colsample_bytree': 0.5, 'learning_rate': 0.2, 'max_depth': 10, 'n_estimators': 50, 'subsample': 1.0}",0.8712190055822406,0.87782394183329,0.8800311607374708,0.8763580360510005,0.003743899877745557,78
28.309393167495728,0.6956176765331232,0.6311434110005697,0.012853504225162205,0.5,0.2,10,100,0.5,"{'colsample_bytree': 0.5, 'learning_rate': 0.2, 'max_depth': 10, 'n_estimators': 100, 'subsample': 0.5}",0.8934181487732052,0.8975590755647883,0.8954816930667359,0.8954863058015765,0.0016905294301499433,39
28.848764896392822,0.1655224899718469,0.6858089764912924,0.020349484538248315,0.5,0.2,10,100,0.7,"{'colsample_bytree': 0.5, 'learning_rate': 0.2, 'max_depth': 10, 'n_estimators': 100, 'subsample': 0.7}",0.8916006750616643,0.8967800571280187,0.8974292391586601,0.8952699904494477,0.0026080983990249803,40
27.47228503227234,0.32119724719696996,0.646947463353475,0.042944794644727176,0.5,0.2,10,100,1.0,"{'colsample_bytree': 0.5, 'learning_rate': 0.2, 'max_depth': 10, 'n_estimators': 100, 'subsample': 1.0}",0.8909515773075425,0.8950921838483511,0.8939236561931966,0.8933224724496968,0.0017430284089352726,44
41.53068780899048,0.21746224385506965,0.9974410533905029,0.059020597917816005,0.5,0.2,10,200,0.5,"{'colsample_bytree': 0.5, 'learning_rate': 0.2, 'max_depth': 10, 'n_estimators': 200, 'subsample': 0.5}",0.9008178631701934,0.9071669696182809,0.9035315502466892,0.9038387943450545,0.002601100712425648,22
40.69668308893839,1.2665556623982401,0.9999117851257324,0.03658380370113071,0.5,0.2,10,200,0.7,"{'colsample_bytree': 0.5, 'learning_rate': 0.2, 'max_depth': 10, 'n_estimators': 200, 'subsample': 0.7}",0.9034142541866805,0.9058686055569982,0.9057387691508699,0.9050072096315162,0.0011276360701375364,17
33.66811728477478,2.9504093236282474,0.9310777187347412,0.043521520233745836,0.5,0.2,10,200,1.0,"{'colsample_bytree': 0.5, 'learning_rate': 0.2, 'max_depth': 10, 'n_estimators': 200, 'subsample': 1.0}",0.9008178631701934,0.9065177875876396,0.9049597507141003,0.904098467157311,0.0024053609036270513,21
3.845890998840332,0.05489016009233004,0.06381813685099284,0.0028349627465106293,0.7,0.01,3,50,0.5,"{'colsample_bytree': 0.7, 'learning_rate': 0.01, 'max_depth': 3, 'n_estimators': 50, 'subsample': 0.5}",0.49383357133584316,0.47156582705790706,0.49805245390807584,0.4878172841006087,0.011619871902554245,234
3.630340496699015,0.020000495605644455,0.06279929478963216,0.0024563334298519104,0.7,0.01,3,50,0.7,"{'colsample_bytree': 0.7, 'learning_rate': 0.01, 'max_depth': 3, 'n_estimators': 50, 'subsample': 0.7}",0.46981695443333765,0.4567644767592833,0.47468190080498573,0.46708777733253554,0.007565043592914102,238
3.166412830352783,0.03293014856253042,0.06363121668497722,0.0015634839440660591,0.7,0.01,3,50,1.0,"{'colsample_bytree': 0.7, 'learning_rate': 0.01, 'max_depth': 3, 'n_estimators': 50, 'subsample': 1.0}",0.4324289237959237,0.42041028304336536,0.4340431056868346,0.42896077084204115,0.006081914555506049,242
7.028993844985962,0.01925787736286214,0.10821223258972168,0.005005397334203316,0.7,0.01,3,100,0.5,"{'colsample_bytree': 0.7, 'learning_rate': 0.01, 'max_depth': 3, 'n_estimators': 100, 'subsample': 0.5}",0.5432948201999221,0.5337574655933524,0.5514152168267983,0.5428225008733576,0.007216479234606032,227
6.981918652852376,0.07258646321574487,0.10701203346252441,0.00191765223452692,0.7,0.01,3,100,0.7,"{'colsample_bytree': 0.7, 'learning_rate': 0.01, 'max_depth': 3, 'n_estimators': 100, 'subsample': 0.7}",0.5183694664416462,0.5085692028044664,0.5311607374707868,0.5193664689056332,0.009249860181998677,230
6.066992521286011,0.022762441877248168,0.10207939147949219,0.00433294126543911,0.7,0.01,3,100,1.0,"{'colsample_bytree': 0.7, 'learning_rate': 0.01, 'max_depth': 3, 'n_estimators': 100, 'subsample': 1.0}",0.48487602232896276,0.47039729940275254,0.4872760321994287,0.4808497846437147,0.0074556845260951455,235
13.640448649724325,0.10248394817168983,0.20820792516072592,0.003576436856975313,0.7,0.01,3,200,0.5,"{'colsample_bytree': 0.7, 'learning_rate': 0.01, 'max_depth': 3, 'n_estimators': 200, 'subsample': 0.5}",0.6141762949500195,0.6251622955076603,0.6346403531550247,0.6246596478709014,0.008361973871421926,216
13.480060577392578,0.06508660291882468,0.21677501996358237,0.013006499570255365,0.7,0.01,3,200,0.7,"{'colsample_bytree': 0.7, 'learning_rate': 0.01, 'max_depth': 3, 'n_estimators': 200, 'subsample': 0.7}",0.6018434376217058,0.6010127239678006,0.6155544014541677,0.6061368543478913,0.006667841550701741,220
12.178173859914144,0.16979206956670675,0.21422235171000162,0.011020144833140854,0.7,0.01,3,200,1.0,"{'colsample_bytree': 0.7, 'learning_rate': 0.01, 'max_depth': 3, 'n_estimators': 200, 'subsample': 1.0}",0.5757497079060107,0.5669955855621917,0.5850428460140223,0.5759293798274082,0.007368858525513843,224
6.018292347590129,0.06731699026961693,0.11944389343261719,0.0036914235652417433,0.7,0.01,5,50,0.5,"{'colsample_bytree': 0.7, 'learning_rate': 0.01, 'max_depth': 5, 'n_estimators': 50, 'subsample': 0.5}",0.6898610930806179,0.6732017657751234,0.6928070631004933,0.6852899739854116,0.008631850637453522,205
6.240811586380005,0.022155666765549156,0.11704770723978679,0.007043454367197058,0.7,0.01,5,50,0.7,"{'colsample_bytree': 0.7, 'learning_rate': 0.01, 'max_depth': 5, 'n_estimators': 50, 'subsample': 0.7}",0.6714267168635597,0.6587899246948844,0.6781355492079979,0.6694507302554807,0.00802046088688488,210
5.933550119400024,0.026464372046921092,0.10399071375528972,0.005265126184917112,0.7,0.01,5,50,1.0,"{'colsample_bytree': 0.7, 'learning_rate': 0.01, 'max_depth': 5, 'n_estimators': 50, 'subsample': 1.0}",0.6310528365571855,0.6237340950402492,0.6169826019215788,0.6239231778396711,0.005745705057056914,217
12.474390665690104,0.043935865888804895,0.2505667209625244,0.0021621305440121673,0.7,0.01,5,100,0.5,"{'colsample_bytree': 0.7, 'learning_rate': 0.01, 'max_depth': 5, 'n_estimators': 100, 'subsample': 0.5}",0.7176424769570298,0.7115035055829655,0.725266164632563,0.7181373823908528,0.005629469754200518,194
12.576558907826742,0.015557300202296962,0.23110230763753256,0.0037917059834496553,0.7,0.01,5,100,0.7,"{'colsample_bytree': 0.7, 'learning_rate': 0.01, 'max_depth': 5, 'n_estimators': 100, 'subsample': 0.7}",0.7021939504089316,0.6995585562191639,0.7135808880810179,0.7051111315697045,0.006084894255699551,199
12.048555453618368,0.08325536094602276,0.2387522061665853,0.007818299388888115,0.7,0.01,5,100,1.0,"{'colsample_bytree': 0.7, 'learning_rate': 0.01, 'max_depth': 5, 'n_estimators': 100, 'subsample': 1.0}",0.6718161755160327,0.6696961828096598,0.6732017657751234,0.671571374700272,0.0014415786627825508,209
34.384316523869835,0.4228074940055141,0.43876345952351886,0.01141013653694196,0.7,0.01,5,200,0.5,"{'colsample_bytree': 0.7, 'learning_rate': 0.01, 'max_depth': 5, 'n_estimators': 200, 'subsample': 0.5}",0.7681422822277035,0.7678525058426383,0.7694105427161776,0.7684684435955065,0.0006765873450448859,174
34.51426068941752,0.09948012591147631,0.4905093510945638,0.04392386138670277,0.7,0.01,5,200,0.7,"{'colsample_bytree': 0.7, 'learning_rate': 0.01, 'max_depth': 5, 'n_estimators': 200, 'subsample': 0.7}",0.7547708684927951,0.7586341210075305,0.7608413399117112,0.7580821098040124,0.002508810221144235,182
34.58981362978617,1.1332184461451877,0.5585455894470215,0.07352400855932764,0.7,0.01,5,200,1.0,"{'colsample_bytree': 0.7, 'learning_rate': 0.01, 'max_depth': 5, 'n_estimators': 200, 'subsample': 1.0}",0.7343891990133714,0.7381199688392626,0.7337055310309011,0.735404899627845,0.0019400259611071157,187
27.30289872487386,1.3975749438693192,0.5360424518585205,0.021054216550941647,0.7,0.01,10,50,0.5,"{'colsample_bytree': 0.7, 'learning_rate': 0.01, 'max_depth': 10, 'n_estimators': 50, 'subsample': 0.5}",0.8229261326755809,0.8161516489223578,0.8213451051674889,0.8201409622551425,0.0028937723529085047,145
30.916287183761597,1.0052269126131972,0.5421416759490967,0.02731620507159831,0.7,0.01,10,50,0.7,"{'colsample_bytree': 0.7, 'learning_rate': 0.01, 'max_depth': 10, 'n_estimators': 50, 'subsample': 0.7}",0.8224068544722836,0.8186185406387951,0.8216047779797455,0.820876724363608,0.0016300055166017205,144
34.53381609916687,0.24332134854171852,0.6021029154459635,0.017591717215495337,0.7,0.01,10,50,1.0,"{'colsample_bytree': 0.7, 'learning_rate': 0.01, 'max_depth': 10, 'n_estimators': 50, 'subsample': 1.0}",0.8035830196027521,0.7968060244092443,0.7974552064398858,0.7992814168172941,0.0030532167976439085,160
56.5874810218811,1.8201704839932522,0.935273011525472,0.0375085138082698,0.7,0.01,10,100,0.5,"{'colsample_bytree': 0.7, 'learning_rate': 0.01, 'max_depth': 10, 'n_estimators': 100, 'subsample': 0.5}",0.8385044787745034,0.8360166190599844,0.8384835107764217,0.8376682028703032,0.001167877483904378,126
61.9394257068634,2.4624170742729183,1.1133039792378743,0.02296872354622284,0.7,0.01,10,100,0.7,"{'colsample_bytree': 0.7, 'learning_rate': 0.01, 'max_depth': 10, 'n_estimators': 100, 'subsample': 0.7}",0.8346098922497728,0.8332900545312906,0.8371851467151389,0.8350283644987341,0.0016174620134709198,130
63.948846658070885,1.2743823772394536,1.0417532126108806,0.03860249536713881,0.7,0.01,10,100,1.0,"{'colsample_bytree': 0.7, 'learning_rate': 0.01, 'max_depth': 10, 'n_estimators': 100, 'subsample': 1.0}",0.8183824483967286,0.8175798493897689,0.8210854323552325,0.8190159100472433,0.0014996073328134255,147
101.76359550158183,3.1756627142495977,1.7949221928914387,0.04777307380751232,0.7,0.01,10,200,0.5,"{'colsample_bytree': 0.7, 'learning_rate': 0.01, 'max_depth': 10, 'n_estimators': 200, 'subsample': 0.5}",0.8548617421783721,0.859127499350818,0.8551025707608413,0.8563639374300105,0.001956605132900123,100
108.11108589172363,4.773517115577495,1.7649099032084148,0.05505848637094209,0.7,0.01,10,200,0.7,"{'colsample_bytree': 0.7, 'learning_rate': 0.01, 'max_depth': 10, 'n_estimators': 200, 'subsample': 0.7}",0.8538231857717772,0.8543235523240716,0.8564009348221241,0.854849224305991,0.0011160781979987922,102
103.01402568817139,7.996704900357589,1.6462098757425945,0.024600052225317158,0.7,0.01,10,200,1.0,"{'colsample_bytree': 0.7, 'learning_rate': 0.01, 'max_depth': 10, 'n_estimators': 200, 'subsample': 1.0}",0.8386342983253278,0.8445858218644507,0.8431576213970398,0.8421259138622728,0.002536858087892054,119
4.379379828770955,0.06429568610375766,0.06766907374064128,0.0031984542180551606,0.7,0.1,3,50,0.5,"{'colsample_bytree': 0.7, 'learning_rate': 0.1, 'max_depth': 3, 'n_estimators': 50, 'subsample': 0.5}",0.7138777099831235,0.7200727083874319,0.7264346922877175,0.7201283702194243,0.005126517650356647,193
4.407303889592488,0.13097812174465653,0.07281192143758138,0.004813596017035644,0.7,0.1,3,50,0.7,"{'colsample_bytree': 0.7, 'learning_rate': 0.1, 'max_depth': 3, 'n_estimators': 50, 'subsample': 0.7}",0.7041412436712969,0.7115035055829655,0.7113736691768372,0.7090061394770332,0.003440409159154558,196
3.83416215578715,0.09265936020182394,0.06869022051493327,0.002821857790800265,0.7,0.1,3,50,1.0,"{'colsample_bytree': 0.7, 'learning_rate': 0.1, 'max_depth': 3, 'n_estimators': 50, 'subsample': 1.0}",0.6927171231987538,0.692677226694365,0.7016359387172163,0.6956767628701117,0.004213805130386048,202
8.47169049580892,0.24663508852628419,0.13005510965983072,0.011006449655100487,0.7,0.1,3,100,0.5,"{'colsample_bytree': 0.7, 'learning_rate': 0.1, 'max_depth': 3, 'n_estimators': 100, 'subsample': 0.5}",0.7844995456315721,0.7866787847312386,0.7948584783173201,0.7886789362267103,0.004459247029158844,165
8.221275011698404,0.13292574232232143,0.12191406885782878,0.005986006636841723,0.7,0.1,3,100,0.7,"{'colsample_bytree': 0.7, 'learning_rate': 0.1, 'max_depth': 3, 'n_estimators': 100, 'subsample': 0.7}",0.7765805530312865,0.7829135289535185,0.7882368216047779,0.7825769678631943,0.004764598919110348,167
7.28496527671814,0.0814673454186067,0.12276005744934082,0.000351381805527581,0.7,0.1,3,100,1.0,"{'colsample_bytree': 0.7, 'learning_rate': 0.1, 'max_depth': 3, 'n_estimators': 100, 'subsample': 1.0}",0.7580163572634039,0.76772266943651,0.774733835367437,0.7668242873557837,0.006854382360307136,175
15.824570417404175,0.267298062651796,0.24565394719441733,0.004492764117403543,0.7,0.1,3,200,0.5,"{'colsample_bytree': 0.7, 'learning_rate': 0.1, 'max_depth': 3, 'n_estimators': 200, 'subsample': 0.5}",0.8411008697909905,0.8492599324850688,0.8531550246689171,0.8478386089816589,0.005022667473980313,114
15.19900099436442,0.15574454332789928,0.22147933642069498,0.013591724938757103,0.7,0.1,3,200,0.7,"{'colsample_bytree': 0.7, 'learning_rate': 0.1, 'max_depth': 3, 'n_estimators': 200, 'subsample': 0.7}",0.8349993509022459,0.845624513113477,0.8490002596728122,0.8432080412295117,0.005965783763816598,118
14.028926849365234,0.30111276142907456,0.2466921011606852,0.011647035351060188,0.7,0.1,3,200,1.0,"{'colsample_bytree': 0.7, 'learning_rate': 0.1, 'max_depth': 3, 'n_estimators': 200, 'subsample': 1.0}",0.8264312605478386,0.8358867826538562,0.8357569462477279,0.8326916631498076,0.004427090461175313,131
6.7993044058481855,0.2181407334179864,0.12786467870076498,0.013457654352233518,0.7,0.1,5,50,0.5,"{'colsample_bytree': 0.7, 'learning_rate': 0.1, 'max_depth': 5, 'n_estimators': 50, 'subsample': 0.5}",0.814877320524471,0.8197870682939497,0.8221241236042587,0.8189295041408932,0.003020000102291454,148
6.808242638905843,0.013820285727125766,0.13948774337768555,0.005212103498996776,0.7,0.1,5,50,0.7,"{'colsample_bytree': 0.7, 'learning_rate': 0.1, 'max_depth': 5, 'n_estimators': 50, 'subsample': 0.7}",0.811242373101389,0.8123863931446378,0.818099195014282,0.813909320420103,0.002999275723798326,151
6.561123291651408,0.10770020535912526,0.13003786404927573,0.006865620922081831,0.7,0.1,5,50,1.0,"{'colsample_bytree': 0.7, 'learning_rate': 0.1, 'max_depth': 5, 'n_estimators': 50, 'subsample': 1.0}",0.8025444631961574,0.7995325889379382,0.8068034276811218,0.8029601599384059,0.002982826047389934,158
13.136483430862427,0.23134943993571638,0.2560660044352214,0.016039292704172384,0.7,0.1,5,100,0.5,"{'colsample_bytree': 0.7, 'learning_rate': 0.1, 'max_depth': 5, 'n_estimators': 100, 'subsample': 0.5}",0.8559002985849669,0.8636717735653077,0.8683458841859257,0.8626393187787335,0.00513307071205523,93
12.961718559265137,0.09069787396545519,0.24634583791097006,0.018483553928352374,0.7,0.1,5,100,0.7,"{'colsample_bytree': 0.7, 'learning_rate': 0.1, 'max_depth': 5, 'n_estimators': 100, 'subsample': 0.7}",0.8540828248734259,0.8570501168527656,0.8662685016878733,0.8591338144713548,0.005188386176890737,96
12.331275701522827,0.3828468183735195,0.24807143211364746,0.009428376446811767,0.7,0.1,5,100,1.0,"{'colsample_bytree': 0.7, 'learning_rate': 0.1, 'max_depth': 5, 'n_estimators': 100, 'subsample': 1.0}",0.8470725691289108,0.8493897688911971,0.8522461698260192,0.8495695026153757,0.002115933868214441,113
23.7154487768809,0.08993057697209296,0.45829232533772785,0.015571058707589921,0.7,0.1,5,200,0.5,"{'colsample_bytree': 0.7, 'learning_rate': 0.1, 'max_depth': 5, 'n_estimators': 200, 'subsample': 0.5}",0.8891341035960015,0.8952220202544794,0.8982082575954298,0.8941881271486368,0.003775956295392055,42
23.832426865895588,0.2886842406900068,0.5144883791605631,0.039588937680222806,0.7,0.1,5,200,0.7,"{'colsample_bytree': 0.7, 'learning_rate': 0.1, 'max_depth': 5, 'n_estimators': 200, 'subsample': 0.7}",0.8901726600025964,0.8940534925993249,0.8970397299402753,0.8937552941807322,0.0028113880444697844,43
25.04423999786377,2.0531984201516886,0.5580603281656901,0.038783290009255206,0.7,0.1,5,200,1.0,"{'colsample_bytree': 0.7, 'learning_rate': 0.1, 'max_depth': 5, 'n_estimators': 200, 'subsample': 1.0}",0.8813449305465403,0.8869124902622696,0.886652817450013,0.8849700794196075,0.0025655585170072147,60
21.4667071501414,0.5436985924912867,0.4757997194925944,0.015624483474060938,0.7,0.1,10,50,0.5,"{'colsample_bytree': 0.7, 'learning_rate': 0.1, 'max_depth': 10, 'n_estimators': 50, 'subsample': 0.5}",0.8691418927690511,0.8715917943391327,0.8715917943391327,0.8707751604824389,0.0011548946756295246,84
24.910008509953816,0.6686157575054414,0.42917919158935547,0.05107332694707086,0.7,0.1,10,50,0.7,"{'colsample_bytree': 0.7, 'learning_rate': 0.1, 'max_depth': 10, 'n_estimators': 50, 'subsample': 0.7}",0.8683629754641049,0.8727603219942872,0.8747078680862114,0.8719437218482011,0.0026538704371108115,83
27.235678990681965,1.6817447107240957,0.49380238850911456,0.018431038378383124,0.7,0.1,10,50,1.0,"{'colsample_bytree': 0.7, 'learning_rate': 0.1, 'max_depth': 10, 'n_estimators': 50, 'subsample': 1.0}",0.8622614565753602,0.8658789924694884,0.8676967021552844,0.8652790504000443,0.00225911804229554,88
37.99044585227966,0.4554374312480958,0.7969189484914144,0.05667203865760266,0.7,0.1,10,100,0.5,"{'colsample_bytree': 0.7, 'learning_rate': 0.1, 'max_depth': 10, 'n_estimators': 100, 'subsample': 0.5}",0.8897832013501233,0.896909893534147,0.8910672552583745,0.8925867833808816,0.0031015221701366055,46
41.33368889490763,0.7178084148697379,0.8118576208750407,0.022247462847902653,0.7,0.1,10,100,0.7,"{'colsample_bytree': 0.7, 'learning_rate': 0.1, 'max_depth': 10, 'n_estimators': 100, 'subsample': 0.7}",0.8904322991042452,0.89366398338094,0.8926252921319138,0.8922405248723663,0.0013470907415795278,47
39.82590889930725,0.11574161430486239,0.7503494421641032,0.030315835336437356,0.7,0.1,10,100,1.0,"{'colsample_bytree': 0.7, 'learning_rate': 0.1, 'max_depth': 10, 'n_estimators': 100, 'subsample': 1.0}",0.8790081786317019,0.8895092183848351,0.8892495455725785,0.8859223141963719,0.004890181349556931,59
60.7107899983724,0.6633209103807425,1.2688932418823242,0.03373588140654636,0.7,0.1,10,200,0.5,"{'colsample_bytree': 0.7, 'learning_rate': 0.1, 'max_depth': 10, 'n_estimators': 200, 'subsample': 0.5}",0.904712449694924,0.9100233705531031,0.9067774603998962,0.9071710935493078,0.002185967426213115,13
59.80341720581055,1.7824112320681513,1.2669677734375,0.01244924018039839,0.7,0.1,10,200,0.7,"{'colsample_bytree': 0.7, 'learning_rate': 0.1, 'max_depth': 10, 'n_estimators': 200, 'subsample': 0.7}",0.9034142541866805,0.9071669696182809,0.9074266424305375,0.9060026220784997,0.001833320075692625,14
52.50484323501587,3.9353052570235434,1.1357303460439045,0.06897296243042991,0.7,0.1,10,200,1.0,"{'colsample_bytree': 0.7, 'learning_rate': 0.1, 'max_depth': 10, 'n_estimators': 200, 'subsample': 1.0}",0.8966636375438141,0.9034017138405609,0.9011944949363802,0.900419948773585,0.002804800570916567,29
4.362599452336629,0.07797013646310748,0.06729332605997722,0.00021320845733063527,0.7,0.2,3,50,0.5,"{'colsample_bytree': 0.7, 'learning_rate': 0.2, 'max_depth': 3, 'n_estimators': 50, 'subsample': 0.5}",0.7765805530312865,0.7712282524019736,0.7852505842638275,0.7776864632323625,0.005777757681582268,170
4.211203654607137,0.05854804163148401,0.07023708025614421,0.0019521131307790843,0.7,0.2,3,50,0.7,"{'colsample_bytree': 0.7, 'learning_rate': 0.2, 'max_depth': 3, 'n_estimators': 50, 'subsample': 0.7}",0.7711281318966636,0.7773305634900026,0.7783692547390288,0.775609316708565,0.0031969238200195717,171
3.6760476430257163,0.036907545857499446,0.06363797187805176,0.002677719859439468,0.7,0.2,3,50,1.0,"{'colsample_bytree': 0.7, 'learning_rate': 0.2, 'max_depth': 3, 'n_estimators': 50, 'subsample': 1.0}",0.7593145527716474,0.7660347961568423,0.7668138145936121,0.7640543878407007,0.003366624896695682,177
7.58925461769104,0.09989342907317494,0.11394286155700684,0.009617958379298311,0.7,0.2,3,100,0.5,"{'colsample_bytree': 0.7, 'learning_rate': 0.2, 'max_depth': 3, 'n_estimators': 100, 'subsample': 0.5}",0.8379852005712061,0.8369254739028824,0.8440664762399377,0.8396590502380087,0.003146406217125475,122
7.570270299911499,0.09025887834742151,0.1160268783569336,0.001934534051241244,0.7,0.2,3,100,0.7,"{'colsample_bytree': 0.7, 'learning_rate': 0.2, 'max_depth': 3, 'n_estimators': 100, 'subsample': 0.7}",0.8330520576398805,0.8379641651519086,0.84237860296027,0.8377982752506865,0.0038093526569760085,125
6.702028751373291,0.052024412746387874,0.10635828971862793,0.005118826094106732,0.7,0.2,3,100,1.0,"{'colsample_bytree': 0.7, 'learning_rate': 0.2, 'max_depth': 3, 'n_estimators': 100, 'subsample': 1.0}",0.8221472153706348,0.8339392365619319,0.8370553103090106,0.8310472540805257,0.006420565690418881,135
15.007433493932089,0.308245343891746,0.2141262690226237,0.013234657320536152,0.7,0.2,3,200,0.5,"{'colsample_bytree': 0.7, 'learning_rate': 0.2, 'max_depth': 3, 'n_estimators': 200, 'subsample': 0.5}",0.8752434116577956,0.8873019994806544,0.888989872760322,0.883845094632924,0.006121216739369942,67
14.969907442728678,0.03981780217370845,0.2295835812886556,0.009506710033411895,0.7,0.2,3,200,0.7,"{'colsample_bytree': 0.7, 'learning_rate': 0.2, 'max_depth': 3, 'n_estimators': 200, 'subsample': 0.7}",0.877580163572634,0.8865229810438847,0.8884705271358089,0.8841912239174426,0.004741857800979629,64
13.482563734054565,0.10735906082728824,0.22176655133565268,0.011117009542590081,0.7,0.2,3,200,1.0,"{'colsample_bytree': 0.7, 'learning_rate': 0.2, 'max_depth': 3, 'n_estimators': 200, 'subsample': 1.0}",0.8719979228871868,0.8822383796416515,0.8870423266683978,0.8804262097324121,0.006274099729203839,72
5.967446962992351,0.11428315578250405,0.12003970146179199,0.0036028031960417487,0.7,0.2,5,50,0.5,"{'colsample_bytree': 0.7, 'learning_rate': 0.2, 'max_depth': 5, 'n_estimators': 50, 'subsample': 0.5}",0.8494093210437492,0.8482212412360426,0.8518566606076344,0.8498290742958088,0.0015135417836534314,112
6.036411603291829,0.09314432003991409,0.10789036750793457,0.004957479720583543,0.7,0.2,5,50,0.7,"{'colsample_bytree': 0.7, 'learning_rate': 0.2, 'max_depth': 5, 'n_estimators': 50, 'subsample': 0.7}",0.8434376217058289,0.855881589197611,0.8599065177875876,0.8530752428970092,0.007010126922632151,105
5.852489153544108,0.08771676040309194,0.11370507876078288,0.004265725760286347,0.7,0.2,5,50,1.0,"{'colsample_bytree': 0.7, 'learning_rate': 0.2, 'max_depth': 5, 'n_estimators': 50, 'subsample': 1.0}",0.8449954563157211,0.8467930407686315,0.8513373149831213,0.8477086040224914,0.0026687681169637375,115
11.617940902709961,0.12172999882367846,0.2495845158894857,0.004712355193483627,0.7,0.2,5,100,0.5,"{'colsample_bytree': 0.7, 'learning_rate': 0.2, 'max_depth': 5, 'n_estimators': 100, 'subsample': 0.5}",0.8869271712319875,0.8869124902622696,0.8884705271358089,0.8874367295433553,0.000731029857730419,55
11.656247615814209,0.1130194453038035,0.240829865137736,0.016579421364952177,0.7,0.2,5,100,0.7,"{'colsample_bytree': 0.7, 'learning_rate': 0.2, 'max_depth': 5, 'n_estimators': 100, 'subsample': 0.7}",0.8806958327924186,0.88989872760322,0.8928849649441704,0.8878265084466029,0.005187440269728737,53
11.04279359181722,0.3106227907231879,0.2463209629058838,0.011433897277568819,0.7,0.2,5,100,1.0,"{'colsample_bytree': 0.7, 'learning_rate': 0.2, 'max_depth': 5, 'n_estimators': 100, 'subsample': 1.0}",0.879397637284175,0.8854842897948585,0.8892495455725785,0.8847104908838707,0.004059071962634077,61
22.676239728927612,0.0720109536153674,0.4522285461425781,0.015950805502288272,0.7,0.2,5,200,0.5,"{'colsample_bytree': 0.7, 'learning_rate': 0.2, 'max_depth': 5, 'n_estimators': 200, 'subsample': 0.5}",0.9095157730754252,0.9093741885224617,0.9093741885224617,0.9094213833734495,6.674359834118824e-05,10
22.51393715540568,0.2622945351766154,0.5227803389231364,0.02739684022842438,0.7,0.2,5,200,0.7,"{'colsample_bytree': 0.7, 'learning_rate': 0.2, 'max_depth': 5, 'n_estimators': 200, 'subsample': 0.7}",0.9061404647539919,0.9091145157102052,0.9123604258634121,0.9092051354425363,0.002540096848887318,11
22.34885557492574,1.343763997954072,0.5114193757375082,0.03386726181570234,0.7,0.2,5,200,1.0,"{'colsample_bytree': 0.7, 'learning_rate': 0.2, 'max_depth': 5, 'n_estimators': 200, 'subsample': 1.0}",0.8997793067635986,0.9082056608673071,0.9092443521163334,0.905743106582413,0.004238309496868538,15
17.03028154373169,0.0668393038533394,0.34593677520751953,0.027355732382550322,0.7,0.2,10,50,0.5,"{'colsample_bytree': 0.7, 'learning_rate': 0.2, 'max_depth': 10, 'n_estimators': 50, 'subsample': 0.5}",0.8822536674023108,0.8858737990132434,0.8836665801090626,0.8839313488415389,0.0014897237062379755,66
19.113124926884968,0.5549026937197673,0.3765631516774495,0.01921701793954796,0.7,0.2,10,50,0.7,"{'colsample_bytree': 0.7, 'learning_rate': 0.2, 'max_depth': 10, 'n_estimators': 50, 'subsample': 0.7}",0.885628975723744,0.8875616722929109,0.8858737990132434,0.8863548156766328,0.0008592096290433146,57
19.398900032043457,0.09058962428497654,0.4048478603363037,0.022422189297060722,0.7,0.2,10,50,1.0,"{'colsample_bytree': 0.7, 'learning_rate': 0.2, 'max_depth': 10, 'n_estimators': 50, 'subsample': 1.0}",0.8773205244709853,0.8821085432355232,0.884835107764217,0.8814213918235753,0.0031060557319464426,70
28.962387641270954,0.3933504442309307,0.6337877909342448,0.010482482351609845,0.7,0.2,10,100,0.5,"{'colsample_bytree': 0.7, 'learning_rate': 0.2, 'max_depth': 10, 'n_estimators': 100, 'subsample': 0.5}",0.8983512917045307,0.9043105686834588,0.9006751493118671,0.9011123365666188,0.0024524266961092316,27
30.270066499710083,0.5648658163851215,0.66530974706014,0.02430663539579135,0.7,0.2,10,100,0.7,"{'colsample_bytree': 0.7, 'learning_rate': 0.2, 'max_depth': 10, 'n_estimators': 100, 'subsample': 0.7}",0.8991302090094768,0.9034017138405609,0.9040508958712022,0.9021942729070801,0.0021827696478974026,23
28.902718782424927,0.2361310559799041,0.6195987065633138,0.02936344936130389,0.7,0.2,10,100,1.0,"{'colsample_bytree': 0.7, 'learning_rate': 0.2, 'max_depth': 10, 'n_estimators': 100, 'subsample': 1.0}",0.8923795923666105,0.8975590755647883,0.9002856400934822,0.8967414360082936,0.003279003761119332,37
43.532419522603355,0.6126637084073407,1.0262432098388672,0.018649512548714216,0.7,0.2,10,200,0.5,"{'colsample_bytree': 0.7, 'learning_rate': 0.2, 'max_depth': 10, 'n_estimators': 200, 'subsample': 0.5}",0.9070492016097624,0.9122305894572839,0.90950402492859,0.9095946053318787,0.0021162622102354023,9
43.24431665738424,1.6534054557798359,0.9980566501617432,0.032830810085374855,0.7,0.2,10,200,0.7,"{'colsample_bytree': 0.7, 'learning_rate': 0.2, 'max_depth': 10, 'n_estimators': 200, 'subsample': 0.7}",0.9078281189147086,0.9115814074266424,0.9108023889898728,0.9100706384437413,0.001617279157469187,6
36.76588233311971,2.7758494424577522,0.9996412595113119,0.024314865234848687,0.7,0.2,10,200,1.0,"{'colsample_bytree': 0.7, 'learning_rate': 0.2, 'max_depth': 10, 'n_estimators': 200, 'subsample': 1.0}",0.9000389458652474,0.9067774603998962,0.9074266424305375,0.9047476828985603,0.003340111042455202,18
4.038827498753865,0.0387570802869188,0.0663446585337321,0.0029553654797262767,1.0,0.01,3,50,0.5,"{'colsample_bytree': 1.0, 'learning_rate': 0.01, 'max_depth': 3, 'n_estimators': 50, 'subsample': 0.5}",0.49253537582759965,0.4783173201765775,0.5018177096857959,0.49089013522999103,0.009664270596351617,232
3.888126770655314,0.022644370402274037,0.06437460581461589,0.0004667538952494862,1.0,0.01,3,50,0.7,"{'colsample_bytree': 1.0, 'learning_rate': 0.01, 'max_depth': 3, 'n_estimators': 50, 'subsample': 0.7}",0.46579254835778267,0.45533627629187223,0.46974811737211114,0.4636256473405887,0.006079851195780628,239
3.3681153456370034,0.013228982509925253,0.062227884928385414,0.00526218248014406,1.0,0.01,3,50,1.0,"{'colsample_bytree': 1.0, 'learning_rate': 0.01, 'max_depth': 3, 'n_estimators': 50, 'subsample': 1.0}",0.41698039724782554,0.39288496494417036,0.4214489742923916,0.4104381121614625,0.0125452986712089,243
7.520174662272136,0.15007040097016158,0.11288412412007649,0.009623462210853497,1.0,0.01,3,100,0.5,"{'colsample_bytree': 1.0, 'learning_rate': 0.01, 'max_depth': 3, 'n_estimators': 100, 'subsample': 0.5}",0.54472283525899,0.5380420669955855,0.5658270579070371,0.5495306533872042,0.011841671232075614,226
7.511859496434529,0.03002301138323511,0.10805861155192058,0.004713362786195069,1.0,0.01,3,100,0.7,"{'colsample_bytree': 1.0, 'learning_rate': 0.01, 'max_depth': 3, 'n_estimators': 100, 'subsample': 0.7}",0.5249902635336882,0.5148013502986237,0.5388210854323552,0.5262042330882223,0.009843515988817386,229
6.558431069056193,0.01528465473119003,0.09322436650594075,0.001404202182081814,1.0,0.01,3,100,1.0,"{'colsample_bytree': 1.0, 'learning_rate': 0.01, 'max_depth': 3, 'n_estimators': 100, 'subsample': 1.0}",0.4907179021160587,0.47636977408465336,0.49714359906517785,0.4880770917552966,0.00868402213268702,233
14.360899686813354,0.04433554795021058,0.22066521644592285,0.023982785555452406,1.0,0.01,3,200,0.5,"{'colsample_bytree': 1.0, 'learning_rate': 0.01, 'max_depth': 3, 'n_estimators': 200, 'subsample': 0.5}",0.6291055432948202,0.6281485328486107,0.6428200467411062,0.6333580409615123,0.006702046069588924,214
14.491209109624227,0.16567051776717098,0.23133182525634766,0.009458629884417404,1.0,0.01,3,200,0.7,"{'colsample_bytree': 1.0, 'learning_rate': 0.01, 'max_depth': 3, 'n_estimators': 200, 'subsample': 0.7}",0.608853693366221,0.6082835627109842,0.6286678784731239,0.615268378183443,0.009477735955064329,218
13.93068234125773,0.7503581796646079,0.22640387217203775,0.011014292853112645,1.0,0.01,3,200,1.0,"{'colsample_bytree': 1.0, 'learning_rate': 0.01, 'max_depth': 3, 'n_estimators': 200, 'subsample': 1.0}",0.5832792418538232,0.5779018436769671,0.5924435211633342,0.5845415355647082,0.00600333990868328,223
7.050312042236328,0.13096947847042092,0.113343079884847,0.006664341915097058,1.0,0.01,5,50,0.5,"{'colsample_bytree': 1.0, 'learning_rate': 0.01, 'max_depth': 5, 'n_estimators': 50, 'subsample': 0.5}",0.6859665065558873,0.6799532588937938,0.6899506621656712,0.6852901425384509,0.004109348631125441,204
7.374211311340332,0.0220411697315108,0.11877274513244629,0.005641679208326356,1.0,0.01,5,50,0.7,"{'colsample_bytree': 1.0, 'learning_rate': 0.01, 'max_depth': 5, 'n_estimators': 50, 'subsample': 0.7}",0.6689601453978969,0.6564528693845755,0.6639833809400156,0.663132131907496,0.0051414302163811584,211
7.389041900634766,0.1391005574515054,0.09964497884114583,0.0031167236772897218,1.0,0.01,5,50,1.0,"{'colsample_bytree': 1.0, 'learning_rate': 0.01, 'max_depth': 5, 'n_estimators': 50, 'subsample': 1.0}",0.6019732571725301,0.5846533367956375,0.5891976110101272,0.5919414016594317,0.007332175703063091,221
14.316179434458414,0.07372254416120734,0.23970341682434082,0.009854392617213046,1.0,0.01,5,100,0.5,"{'colsample_bytree': 1.0, 'learning_rate': 0.01, 'max_depth': 5, 'n_estimators': 100, 'subsample': 0.5}",0.7198494093210438,0.7212412360425864,0.729940275253181,0.7236769735389371,0.004465124610313279,191
14.554491996765137,0.10819516309781964,0.22635285059611002,0.00898444138806652,1.0,0.01,5,100,0.7,"{'colsample_bytree': 1.0, 'learning_rate': 0.01, 'max_depth': 5, 'n_estimators': 100, 'subsample': 0.7}",0.7038816045696482,0.7041028304336536,0.7111139963645806,0.7063661437892942,0.0033584533422610836,198
14.005359093348185,0.44286148543867404,0.21506953239440918,0.02174185580839843,1.0,0.01,5,100,1.0,"{'colsample_bytree': 1.0, 'learning_rate': 0.01, 'max_depth': 5, 'n_estimators': 100, 'subsample': 1.0}",0.6548098143580423,0.6607374707868087,0.6587899246948844,0.6581124032799117,0.0024669217167938465,213
27.90825629234314,0.04653034827148893,0.48241130510965985,0.019837507325168202,1.0,0.01,5,200,0.5,"{'colsample_bytree': 1.0, 'learning_rate': 0.01, 'max_depth': 5, 'n_estimators': 200, 'subsample': 0.5}",0.7759314552771648,0.7753830173980785,0.774733835367437,0.7753494360142268,0.0004895025665919359,172
29.094550848007202,0.4587206766684395,0.5282800197601318,0.025884876780618127,1.0,0.01,5,200,0.7,"{'colsample_bytree': 1.0, 'learning_rate': 0.01, 'max_depth': 5, 'n_estimators': 200, 'subsample': 0.7}",0.7638582370504998,0.7629187224097637,0.7646065956894313,0.7637945183832316,0.0006905428316297569,178
29.253802458445232,1.8377992205600053,0.539612611134847,0.015790381720481576,1.0,0.01,5,200,1.0,"{'colsample_bytree': 1.0, 'learning_rate': 0.01, 'max_depth': 5, 'n_estimators': 200, 'subsample': 1.0}",0.728028041022978,0.7407166969618281,0.7303297844715658,0.7330248408187906,0.005519540676521686,188
24.73922832806905,0.14017633215647377,0.44099926948547363,0.022615285999354973,1.0,0.01,10,50,0.5,"{'colsample_bytree': 1.0, 'learning_rate': 0.01, 'max_depth': 10, 'n_estimators': 50, 'subsample': 0.5}",0.8185122679475529,0.8174500129836406,0.8219942871981304,0.819318856043108,0.0019408838709958059,146
29.073655605316162,0.18186674897544128,0.45679640769958496,0.010134232038790877,1.0,0.01,10,50,0.7,"{'colsample_bytree': 1.0, 'learning_rate': 0.01, 'max_depth': 10, 'n_estimators': 50, 'subsample': 0.7}",0.8161755160327145,0.810179174240457,0.8151129576733316,0.813822549315501,0.0026125203692810538,152
33.11940852801005,0.702747626244414,0.4717895984649658,0.03463905860226383,1.0,0.01,10,50,1.0,"{'colsample_bytree': 1.0, 'learning_rate': 0.01, 'max_depth': 10, 'n_estimators': 50, 'subsample': 1.0}",0.7717772296507854,0.7511036094520903,0.7600623214749416,0.760981053525939,0.008464935300643524,179
52.2320339679718,0.12937607831539935,0.7688259283701578,0.01994865386739804,1.0,0.01,10,100,0.5,"{'colsample_bytree': 1.0, 'learning_rate': 0.01, 'max_depth': 10, 'n_estimators': 100, 'subsample': 0.5}",0.8364273659613137,0.8373149831212672,0.8391326928070632,0.8376250139632146,0.0011259922077297402,127
59.25054415067037,1.078787512680462,0.9039040406545004,0.03711789803501464,1.0,0.01,10,100,0.7,"{'colsample_bytree': 1.0, 'learning_rate': 0.01, 'max_depth': 10, 'n_estimators': 100, 'subsample': 0.7}",0.8312345839283396,0.8290054531290574,0.8349779278109581,0.8317393216227851,0.002464235319070534,133
64.87463760375977,1.0480222742041005,0.9201769034067789,0.0352778817789413,1.0,0.01,10,100,1.0,"{'colsample_bytree': 1.0, 'learning_rate': 0.01, 'max_depth': 10, 'n_estimators': 100, 'subsample': 1.0}",0.792158899130209,0.7820046741106206,0.792910932225396,0.7890248351554084,0.004973488665925406,164
100.57388472557068,0.6114216147570319,1.640439510345459,0.06005048763663477,1.0,0.01,10,200,0.5,"{'colsample_bytree': 1.0, 'learning_rate': 0.01, 'max_depth': 10, 'n_estimators': 200, 'subsample': 0.5}",0.8571984940932105,0.8615943910672552,0.857309789665022,0.8587008916084958,0.0020465175322087253,97
108.31083210309346,3.517881179364444,1.6671601136525471,0.0679443448623599,1.0,0.01,10,200,0.7,"{'colsample_bytree': 1.0, 'learning_rate': 0.01, 'max_depth': 10, 'n_estimators': 200, 'subsample': 0.7}",0.8518758925094119,0.8564009348221241,0.8543235523240716,0.8542001265518692,0.0018494012407428563,103
106.7862401008606,5.9532899390524685,1.4123894373575847,0.21231232033873498,1.0,0.01,10,200,1.0,"{'colsample_bytree': 1.0, 'learning_rate': 0.01, 'max_depth': 10, 'n_estimators': 200, 'subsample': 1.0}",0.8212384785148643,0.8252401973513374,0.8278369254739029,0.8247718671133683,0.0027140836976357816,139
4.570149262746175,0.11441150593918085,0.06626343727111816,0.002097468394366097,1.0,0.1,3,50,0.5,"{'colsample_bytree': 1.0, 'learning_rate': 0.1, 'max_depth': 3, 'n_estimators': 50, 'subsample': 0.5}",0.7260807477606127,0.7307192936899507,0.7381199688392626,0.7316400034299418,0.004957922337978404,189
4.400705099105835,0.040762447304012794,0.07098587354024251,0.0018854991251519748,1.0,0.1,3,50,0.7,"{'colsample_bytree': 1.0, 'learning_rate': 0.1, 'max_depth': 3, 'n_estimators': 50, 'subsample': 0.7}",0.7092042061534467,0.7303297844715658,0.7244871461957934,0.7213403789402687,0.008906893320684384,192
3.9752097924550376,0.10201731904561939,0.0716241995493571,0.0015058958895567175,1.0,0.1,3,50,1.0,"{'colsample_bytree': 1.0, 'learning_rate': 0.1, 'max_depth': 3, 'n_estimators': 50, 'subsample': 1.0}",0.7015448526548098,0.7083874318358868,0.7155284341729421,0.7084869062212129,0.005709206563879356,197
8.309010028839111,0.04267645819814673,0.12151058514912923,0.004951563190274794,1.0,0.1,3,100,0.5,"{'colsample_bytree': 1.0, 'learning_rate': 0.1, 'max_depth': 3, 'n_estimators': 100, 'subsample': 0.5}",0.8003375308321433,0.8016099714359907,0.8066735912749935,0.8028736978477092,0.0027366851988758073,159
8.17567507425944,0.26664752129758146,0.11977267265319824,0.0048198223056617785,1.0,0.1,3,100,0.7,"{'colsample_bytree': 1.0, 'learning_rate': 0.1, 'max_depth': 3, 'n_estimators': 100, 'subsample': 0.7}",0.7857977411398157,0.796156842378603,0.7975850428460141,0.7931798754548108,0.005252419723470352,162
7.047094821929932,0.27337744769378963,0.11360541979471843,0.004114684406936977,1.0,0.1,3,100,1.0,"{'colsample_bytree': 1.0, 'learning_rate': 0.1, 'max_depth': 3, 'n_estimators': 100, 'subsample': 1.0}",0.7812540568609633,0.7816151648922358,0.7846014022331862,0.7824902079954618,0.0015001012376087651,168
14.691924015680948,0.17321617293118605,0.23592805862426758,0.005200858898854398,1.0,0.1,3,200,0.5,"{'colsample_bytree': 1.0, 'learning_rate': 0.1, 'max_depth': 3, 'n_estimators': 200, 'subsample': 0.5}",0.8494093210437492,0.8570501168527656,0.8627629187224097,0.8564074522063082,0.005470490905865548,99
14.837887525558472,0.20503150940537426,0.2301168441772461,0.005002201160897371,1.0,0.1,3,200,0.7,"{'colsample_bytree': 1.0, 'learning_rate': 0.1, 'max_depth': 3, 'n_estimators': 200, 'subsample': 0.7}",0.8449954563157211,0.8592573357569463,0.855881589197611,0.8533781270900928,0.0060855453435083775,104
13.870253562927246,0.1954696798607032,0.22504210472106934,0.014681578812401189,1.0,0.1,3,200,1.0,"{'colsample_bytree': 1.0, 'learning_rate': 0.1, 'max_depth': 3, 'n_estimators': 200, 'subsample': 1.0}",0.8330520576398805,0.8449753310828356,0.8434172942092963,0.8404815609773375,0.00529181818822164,121
7.024162213007609,0.017818041795970088,0.12233924865722656,0.004659394977196221,1.0,0.1,5,50,0.5,"{'colsample_bytree': 1.0, 'learning_rate': 0.1, 'max_depth': 5, 'n_estimators': 50, 'subsample': 0.5}",0.8253927041412437,0.8303038171903402,0.8277070890677746,0.8278012034664529,0.0020060576570777606,137
7.831854899724324,0.16056898014942417,0.12512588500976562,0.007427108496742427,1.0,0.1,5,50,0.7,"{'colsample_bytree': 1.0, 'learning_rate': 0.1, 'max_depth': 5, 'n_estimators': 50, 'subsample': 0.7}",0.8190315461508503,0.8310828356271098,0.830693326408725,0.8269359027288951,0.005591485732341098,138
8.218361695607504,0.27566970289101816,0.12363370259602864,0.011912349443347167,1.0,0.1,5,50,1.0,"{'colsample_bytree': 1.0, 'learning_rate': 0.1, 'max_depth': 5, 'n_estimators': 50, 'subsample': 1.0}",0.8074776061274828,0.8075824461178914,0.8160218125162295,0.8103606215872011,0.004003295301546905,153
13.794166962305704,0.1844843250072079,0.24678492546081543,0.011595577166470744,1.0,0.1,5,100,0.5,"{'colsample_bytree': 1.0, 'learning_rate': 0.1, 'max_depth': 5, 'n_estimators': 100, 'subsample': 0.5}",0.8674542386083344,0.871721630745261,0.8723708127759023,0.8705155607098325,0.0021808452618297487,85
13.836596727371216,0.2248539654954029,0.2503317991892497,0.007083783916256675,1.0,0.1,5,100,0.7,"{'colsample_bytree': 1.0, 'learning_rate': 0.1, 'max_depth': 5, 'n_estimators': 100, 'subsample': 0.7}",0.8618719979228872,0.8705531030901065,0.8727603219942872,0.868395141002427,0.004699751805493145,87
12.920834938685099,0.3187179551695135,0.23933211962381998,0.00871079782576896,1.0,0.1,5,100,1.0,"{'colsample_bytree': 1.0, 'learning_rate': 0.1, 'max_depth': 5, 'n_estimators': 100, 'subsample': 1.0}",0.8520057120602362,0.8547130615424565,0.8596468449753311,0.8554552061926746,0.0031633117738557783,101
25.07711712519328,0.2136921841953815,0.4689452648162842,0.005064241291947932,1.0,0.1,5,200,0.5,"{'colsample_bytree': 1.0, 'learning_rate': 0.1, 'max_depth': 5, 'n_estimators': 200, 'subsample': 0.5}",0.8970530961962871,0.9037912230589458,0.9047000779018437,0.9018481323856923,0.0034108438178494676,24
25.19221345583598,0.38918148933479296,0.514045238494873,0.008269835520463925,1.0,0.1,5,200,0.7,"{'colsample_bytree': 1.0, 'learning_rate': 0.1, 'max_depth': 5, 'n_estimators': 200, 'subsample': 0.7}",0.8954952615863949,0.9008049857179953,0.899766294468969,0.8986888472577865,0.0022976744704285568,33
25.370336929957073,1.270651742610537,0.5229326883951823,0.010032986437665642,1.0,0.1,5,200,1.0,"{'colsample_bytree': 1.0, 'learning_rate': 0.1, 'max_depth': 5, 'n_estimators': 200, 'subsample': 1.0}",0.8851096975204465,0.8876915086990392,0.8918462736951441,0.88821582663821,0.0027750731660478156,52
21.336538632710774,0.5262648135476333,0.38059353828430176,0.023437385126899676,1.0,0.1,10,50,0.5,"{'colsample_bytree': 1.0, 'learning_rate': 0.1, 'max_depth': 10, 'n_estimators': 50, 'subsample': 0.5}",0.8734259379462547,0.8817190340171384,0.8769150869903921,0.877353352984595,0.0033997959175498197,74
23.701303641001385,0.13619743937935835,0.3667725721995036,0.01407031701024595,1.0,0.1,10,50,0.7,"{'colsample_bytree': 1.0, 'learning_rate': 0.1, 'max_depth': 10, 'n_estimators': 50, 'subsample': 0.7}",0.87537323120862,0.8769150869903921,0.8752272137107245,0.8758385106365788,0.0007635848617389161,80
26.365769227345783,0.2596700473308229,0.394262154897054,0.016282364486307033,1.0,0.1,10,50,1.0,"{'colsample_bytree': 1.0, 'learning_rate': 0.1, 'max_depth': 10, 'n_estimators': 50, 'subsample': 1.0}",0.8557704790341425,0.8648403012204622,0.8650999740327188,0.8619035847624411,0.004338056162094079,94
54.73965207735697,0.866870495804762,0.6340173085530599,0.034571984644251125,1.0,0.1,10,100,0.5,"{'colsample_bytree': 1.0, 'learning_rate': 0.1, 'max_depth': 10, 'n_estimators': 100, 'subsample': 0.5}",0.8949759833830975,0.9014541677486367,0.8953518566606077,0.897260669264114,0.002969219014596,36
52.76049280166626,1.0478167081334415,0.6782457033793131,0.012202014401823473,1.0,0.1,10,100,0.7,"{'colsample_bytree': 1.0, 'learning_rate': 0.1, 'max_depth': 10, 'n_estimators': 100, 'subsample': 0.7}",0.894067246527327,0.8976889119709166,0.8954816930667359,0.8957459505216598,0.001490299555611745,38
43.22927975654602,7.312545277706865,0.6775805950164795,0.05763433758998525,1.0,0.1,10,100,1.0,"{'colsample_bytree': 1.0, 'learning_rate': 0.1, 'max_depth': 10, 'n_estimators': 100, 'subsample': 1.0}",0.8787485395300533,0.8862633082316281,0.8871721630745261,0.8840613369454026,0.0037749937363101014,65
47.07760318120321,0.6153583482502608,1.059517542521159,0.011141184694478843,1.0,0.1,10,200,0.5,"{'colsample_bytree': 1.0, 'learning_rate': 0.1, 'max_depth': 10, 'n_estimators': 200, 'subsample': 0.5}",0.9095157730754252,0.9135289535185666,0.9098935341469748,0.9109794202469889,0.0018093766484539805,5
47.31776611010233,0.7087966345858668,0.983759880065918,0.02380735037376654,1.0,0.1,10,200,0.7,"{'colsample_bytree': 1.0, 'learning_rate': 0.1, 'max_depth': 10, 'n_estimators': 200, 'subsample': 0.7}",0.908736855770479,0.9124902622695403,0.908075824461179,0.9097676475003995,0.0019440017119037088,8
43.03257163365682,2.65693927060196,0.9647343953450521,0.01401179409267679,1.0,0.1,10,200,1.0,"{'colsample_bytree': 1.0, 'learning_rate': 0.1, 'max_depth': 10, 'n_estimators': 200, 'subsample': 1.0}",0.8966636375438141,0.9026226954037913,0.9010646585302519,0.9001169971592858,0.0025233759397752637,31
3.3807998498280845,0.06435169600773687,0.05891251564025879,0.00269756322729812,1.0,0.2,3,50,0.5,"{'colsample_bytree': 1.0, 'learning_rate': 0.2, 'max_depth': 3, 'n_estimators': 50, 'subsample': 0.5}",0.789951966766195,0.7914827317579849,0.792910932225396,0.791448543583192,0.0012082344614237667,163
3.260700543721517,0.013624694959475764,0.059659481048583984,0.001249472881522919,1.0,0.2,3,50,0.7,"{'colsample_bytree': 1.0, 'learning_rate': 0.2, 'max_depth': 3, 'n_estimators': 50, 'subsample': 0.7}",0.7803453200051927,0.7886263308231628,0.7960270059724747,0.7883328856002767,0.006405383218732906,166
2.9506452878316245,0.002408656561696834,0.05918097496032715,0.0014245764212689525,1.0,0.2,3,50,1.0,"{'colsample_bytree': 1.0, 'learning_rate': 0.2, 'max_depth': 3, 'n_estimators': 50, 'subsample': 1.0}",0.7751525379722186,0.7794079459880551,0.7834328745780317,0.7793311195127685,0.0033808697408478274,169
6.440232276916504,0.05060797848580237,0.1017913818359375,0.00953724185116595,1.0,0.2,3,100,0.5,"{'colsample_bytree': 1.0, 'learning_rate': 0.2, 'max_depth': 3, 'n_estimators': 100, 'subsample': 0.5}",0.8462936518239647,0.8490002596728122,0.8548428979485848,0.8500456031484539,0.0035676284897564795,111
6.475266456604004,0.07261050374079671,0.10258054733276367,0.0024592989421898664,1.0,0.2,3,100,0.7,"{'colsample_bytree': 1.0, 'learning_rate': 0.2, 'max_depth': 3, 'n_estimators': 100, 'subsample': 0.7}",0.8413605088926392,0.8552324071669696,0.8570501168527656,0.8512143443041248,0.007007118826019912,108
5.736764828364055,0.10543178126462507,0.1080780029296875,0.010274798452128876,1.0,0.2,3,100,1.0,"{'colsample_bytree': 1.0, 'learning_rate': 0.2, 'max_depth': 3, 'n_estimators': 100, 'subsample': 1.0}",0.8294171102167986,0.8430277849909115,0.8440664762399377,0.8388371238158827,0.006674439403819913,123
12.844420671463013,0.0751754510591956,0.18279075622558594,0.005836707820141518,1.0,0.2,3,200,0.5,"{'colsample_bytree': 1.0, 'learning_rate': 0.2, 'max_depth': 3, 'n_estimators': 200, 'subsample': 0.5}",0.885628975723744,0.8972994027525318,0.8966502207218904,0.8931928663993887,0.0053550406747323006,45
12.69693660736084,0.1259257277870962,0.19098981221516928,0.011053551612374738,1.0,0.2,3,200,0.7,"{'colsample_bytree': 1.0, 'learning_rate': 0.2, 'max_depth': 3, 'n_estimators': 200, 'subsample': 0.7}",0.8873166298844606,0.8926252921319138,0.8937938197870683,0.8912452472678142,0.002818615514610731,48
11.198764562606812,0.10707180807144819,0.1971286137898763,0.015432971105229586,1.0,0.2,3,200,1.0,"{'colsample_bytree': 1.0, 'learning_rate': 0.2, 'max_depth': 3, 'n_estimators': 200, 'subsample': 1.0}",0.8773205244709853,0.8892495455725785,0.892235782913529,0.8862686176523642,0.006443636760458721,58
5.2840001583099365,0.026998928732540547,0.10449973742167155,0.005078129751285162,1.0,0.2,5,50,0.5,"{'colsample_bytree': 1.0, 'learning_rate': 0.2, 'max_depth': 5, 'n_estimators': 50, 'subsample': 0.5}",0.8564195767882643,0.8604258634121007,0.8650999740327188,0.8606484714110278,0.003547251501399635,95
5.3507505257924395,0.045618739525680456,0.09790253639221191,0.003861262199665353,1.0,0.2,5,50,0.7,"{'colsample_bytree': 1.0, 'learning_rate': 0.2, 'max_depth': 5, 'n_estimators': 50, 'subsample': 0.7}",0.8590159678047514,0.8631524279407946,0.8696442482472085,0.8639375479975849,0.004374349202533626,89
5.065549373626709,0.05548793777210065,0.10446969668070476,0.005293791261934694,1.0,0.2,5,50,1.0,"{'colsample_bytree': 1.0, 'learning_rate': 0.2, 'max_depth': 5, 'n_estimators': 50, 'subsample': 1.0}",0.8540828248734259,0.8580888081017918,0.8574396260711503,0.8565370863487893,0.0017555452845800258,98
10.177980025609335,0.03840160386665497,0.2027585506439209,0.004674191847042476,1.0,0.2,5,100,0.5,"{'colsample_bytree': 1.0, 'learning_rate': 0.2, 'max_depth': 5, 'n_estimators': 100, 'subsample': 0.5}",0.8953654420355706,0.8972994027525318,0.9005453129057388,0.8977367192312804,0.0021371632030713307,35
10.305932680765787,0.031585846334861264,0.2259827454884847,0.011047973279551915,1.0,0.2,5,100,0.7,"{'colsample_bytree': 1.0, 'learning_rate': 0.2, 'max_depth': 5, 'n_estimators': 100, 'subsample': 0.7}",0.8900428404517721,0.89366398338094,0.9002856400934822,0.8946641546420647,0.004240989903213584,41
9.587973594665527,0.07240183844585471,0.21688604354858398,0.020983231562948235,1.0,0.2,5,100,1.0,"{'colsample_bytree': 1.0, 'learning_rate': 0.2, 'max_depth': 5, 'n_estimators': 100, 'subsample': 1.0}",0.8870569907828119,0.8940534925993249,0.8905479096338613,0.8905527976719995,0.0028563119970578727,50
19.937685410181682,0.03400955279469238,0.39691003163655597,0.029871021647466266,1.0,0.2,5,200,0.5,"{'colsample_bytree': 1.0, 'learning_rate': 0.2, 'max_depth': 5, 'n_estimators': 200, 'subsample': 0.5}",0.9126314422952096,0.9163853544533888,0.9139184627369514,0.9143117531618499,0.0015575562358106304,2
19.747079531351726,0.10048904889288542,0.4161340395609538,0.014603260141410914,1.0,0.2,5,200,0.7,"{'colsample_bytree': 1.0, 'learning_rate': 0.2, 'max_depth': 5, 'n_estimators': 200, 'subsample': 0.7}",0.9128910813968584,0.9130096078940535,0.917943391326928,0.9146146935392799,0.0023542421078773515,1
19.17066264152527,1.0895592008502375,0.43057823181152344,0.029416293193958377,1.0,0.2,5,200,1.0,"{'colsample_bytree': 1.0, 'learning_rate': 0.2, 'max_depth': 5, 'n_estimators': 200, 'subsample': 1.0}",0.9061404647539919,0.9137886263308231,0.9100233705531031,0.909984153879306,0.003122472026771651,7
14.572203795115152,0.2324429644468493,0.30637240409851074,0.018672721323552487,1.0,0.2,10,50,0.5,"{'colsample_bytree': 1.0, 'learning_rate': 0.2, 'max_depth': 10, 'n_estimators': 50, 'subsample': 0.5}",0.8865377125795145,0.8934043105686834,0.8928849649441704,0.8909423293641229,0.003121742754068063,49
15.579874436060587,0.04811321516385755,0.2967657248179118,0.003330694149050752,1.0,0.2,10,50,0.7,"{'colsample_bytree': 1.0, 'learning_rate': 0.2, 'max_depth': 10, 'n_estimators': 50, 'subsample': 0.7}",0.883811502012203,0.8950921838483511,0.8923656193196572,0.8904231017267371,0.004805793491277181,51
21.26012070973714,3.9252280408727516,0.350485881169637,0.04042776193876712,1.0,0.2,10,50,1.0,"{'colsample_bytree': 1.0, 'learning_rate': 0.2, 'max_depth': 10, 'n_estimators': 50, 'subsample': 1.0}",0.8784889004284046,0.8849649441703453,0.8865229810438847,0.8833256085475448,0.0034787142066330075,68
42.37561225891113,0.11849146758258285,0.5349121888478597,0.007707921776338814,1.0,0.2,10,100,0.5,"{'colsample_bytree': 1.0, 'learning_rate': 0.2, 'max_depth': 10, 'n_estimators': 100, 'subsample': 0.5}",0.9014669609243152,0.9087250064918203,0.9065177875876396,0.9055699183345917,0.0030379432138263342,16
41.6621458530426,0.8743296039898735,0.5689601898193359,0.014591070414151329,1.0,0.2,10,100,0.7,"{'colsample_bytree': 1.0, 'learning_rate': 0.2, 'max_depth': 10, 'n_estimators': 100, 'subsample': 0.7}",0.9017266000259639,0.9072968060244092,0.9049597507141003,0.9046610522548244,0.0022838146879667815,19
28.43531068166097,3.810049375633379,0.5488748550415039,0.03270581989115971,1.0,0.2,10,100,1.0,"{'colsample_bytree': 1.0, 'learning_rate': 0.2, 'max_depth': 10, 'n_estimators': 100, 'subsample': 1.0}",0.8965338179929897,0.9019735133731498,0.9026226954037913,0.9003766755899769,0.0027302045357162903,30
35.336334546407066,0.25354884049444293,0.8492999871571859,0.013692248613996335,1.0,0.2,10,200,0.5,"{'colsample_bytree': 1.0, 'learning_rate': 0.2, 'max_depth': 10, 'n_estimators': 200, 'subsample': 0.5}",0.9075684798130599,0.9170345364840301,0.9144378083614646,0.9130136082195183,0.00399356288358696,3
34.46384119987488,0.9563241756724014,0.7626284758249918,0.04152989461005671,1.0,0.2,10,200,0.7,"{'colsample_bytree': 1.0, 'learning_rate': 0.2, 'max_depth': 10, 'n_estimators': 200, 'subsample': 0.7}",0.9083473971180059,0.916515190859517,0.9117112438327707,0.912191277270098,0.0033517197303952425,4
25.538798491160076,5.143750280097618,0.6172983646392822,0.0416010664651842,1.0,0.2,10,200,1.0,"{'colsample_bytree': 1.0, 'learning_rate': 0.2, 'max_depth': 10, 'n_estimators': 200, 'subsample': 1.0}",0.904712449694924,0.9110620618021293,0.9088548428979486,0.908209784798334,0.0026320421022342907,12
